epochs,walk_length,window,n_walks,d,neg_samples,mean_auc,std_auc,min_auc,max_auc,n_windows,time_seconds
3,20,3,10,32,5,0.6976193546875524,0.008894306221261295,0.6830459185354307,0.7056117088297846,4,49.26503396034241
3,20,3,10,32,10,0.6974647815733301,0.008878159433416943,0.6828807322009195,0.7056504541101971,4,73.34906554222107
3,20,3,10,32,15,0.6978660081658536,0.008839619249634001,0.6833076373860991,0.7060045207954938,4,93.42292666435242
3,20,3,10,64,5,0.6975143648470068,0.008916700883216392,0.6827664581300512,0.7049787125285194,4,49.50046420097351
3,20,3,10,64,10,0.697531110760967,0.008918004421387146,0.6829013521661653,0.7053992956128752,4,75.17686772346497
3,20,3,10,64,15,0.6973229326761664,0.008821300645215873,0.6826747543597297,0.70467605993863,4,93.02557635307312
3,20,3,10,128,5,0.6975332505022034,0.008732613984963248,0.6830601754443884,0.7046706286386308,4,49.42258906364441
3,20,3,10,128,10,0.6976041066642211,0.00871560905593213,0.6832087398484868,0.7052009281926632,4,72.58611488342285
3,20,3,10,128,15,0.6974895885573883,0.008661210547967733,0.6830889546326091,0.7045971203711119,4,94.25176167488098
3,20,3,15,32,5,0.6975479248922066,0.008815193421746935,0.6830431526266652,0.7054290178876966,4,72.96939659118652
3,20,3,15,32,10,0.6977278988875919,0.008865335662531853,0.6831514751222577,0.7057278532017153,4,106.55128264427185
3,20,3,15,32,15,0.6973065163402474,0.008854444169439105,0.6827003069225583,0.7049614351025701,4,140.11865520477295
3,20,3,15,64,5,0.6971623259534483,0.008758196393730136,0.6826751503556587,0.7043067534945652,4,72.7682774066925
3,20,3,15,64,10,0.6970254460563745,0.008678254102509365,0.6826196292008959,0.7039101198942175,4,106.37029266357422
3,20,3,15,64,15,0.6974008251797182,0.00878950832923555,0.6828734696582339,0.705022461495997,4,139.8608729839325
3,20,3,15,128,5,0.6973565423195693,0.008560358863884352,0.6831160090683095,0.704250290358224,4,72.98422050476074
3,20,3,15,128,10,0.6971128472607708,0.008731455186285356,0.6825355148977368,0.7040382113090853,4,107.48747634887695
3,20,3,15,128,15,0.6974203952094512,0.00890334274476894,0.6827328486256042,0.7052071681655954,4,141.13612127304077
3,20,3,20,32,5,0.6976237061746313,0.008882469567599813,0.6830384287752135,0.7056760274377136,4,96.737544298172
3,20,3,20,32,10,0.6975923845135958,0.008945844571797895,0.6829074051088815,0.7057264709376396,4,140.82978582382202
3,20,3,20,32,15,0.6976910998930036,0.00890002073547717,0.6830749179259126,0.7057245671769872,4,185.03325963020325
3,20,3,20,64,5,0.6970230634019037,0.008645072944859788,0.682643504612067,0.7039390593894546,4,96.16795015335083
3,20,3,20,64,10,0.6971327354478771,0.008777863901368364,0.6826354575690596,0.7045720978200729,4,141.04403281211853
3,20,3,20,64,15,0.6974387473150792,0.008599257200686244,0.6831526815170852,0.7045440176178068,4,185.48516845703125
3,20,3,20,128,5,0.6973368377080073,0.00855489693960843,0.6831050484869269,0.7042808836736243,4,96.61862015724182
3,20,3,20,128,10,0.6975275822200352,0.008675725733718212,0.683168545128938,0.7048979225425912,4,141.7494077682495
3,20,3,20,128,15,0.6976445531071382,0.008784819060405282,0.6831755685860565,0.7054352302172916,4,186.2749593257904
3,20,3,30,32,5,0.6979563000195448,0.008910492578238295,0.6833404714006636,0.7060612334672343,4,143.21396946907043
3,20,3,30,32,10,0.6982393122961773,0.008918411744798842,0.6836379471622562,0.7064017904032411,4,209.2778022289276
3,20,3,30,32,15,0.6981585147439728,0.008980132601395184,0.6835277586819456,0.7064975236707165,4,277.184862613678
3,20,3,30,64,5,0.6973827007125804,0.008686593302201734,0.6830235153141703,0.7046729038019384,4,142.87412428855896
3,20,3,30,64,10,0.6981140667838976,0.00895640047150046,0.6834463422201202,0.7062572675208173,4,209.43810033798218
3,20,3,30,64,15,0.6980360481685863,0.008895301992994592,0.6834558611183649,0.7060324565426894,4,276.8446238040924
3,20,3,30,128,5,0.6979640428816559,0.008772572160163795,0.6835190595277117,0.7056485871641177,4,142.91923236846924
3,20,3,30,128,10,0.6985112010392713,0.008888844668328923,0.683946308821563,0.7065617461427027,4,210.80663633346558
3,20,3,30,128,15,0.698000725807798,0.008688170951092157,0.683612044054728,0.7050466869920824,4,276.95239520072937
3,20,5,10,32,5,0.6976109215411243,0.008916750292499472,0.6829847843018474,0.7057705044564905,4,75.89470887184143
3,20,5,10,32,10,0.6975567835362149,0.00880406649821078,0.6830320180150862,0.7049161016663257,4,111.30318212509155
3,20,5,10,32,15,0.6978050675481897,0.008917348379078822,0.6830685764560622,0.7056742552826788,4,145.79343581199646
3,20,5,10,64,5,0.6979505790262233,0.008821506766918721,0.683460696918087,0.7059946535176664,4,75.80772471427917
3,20,5,10,64,10,0.6979131013902455,0.008680201372130105,0.683581249308499,0.7054543745083022,4,111.11364316940308
3,20,5,10,64,15,0.6974990340349854,0.008764163471981015,0.683012555286286,0.7047386764396755,4,146.62666058540344
3,20,5,10,128,5,0.697462490586383,0.008668779851719065,0.6831362073964906,0.704693068028384,4,77.03720092773438
3,20,5,10,128,10,0.697124710764788,0.008831262643408357,0.6824836223884172,0.704391074795278,4,111.71036124229431
3,20,5,10,128,15,0.6977793441925122,0.008851771957157212,0.6832088540107509,0.7054620885548922,4,146.96116828918457
3,20,5,15,32,5,0.6974661376824256,0.00890478996998123,0.6827767781206977,0.7052320995551955,4,112.8326096534729
3,20,5,15,32,10,0.6974828669862926,0.00897268216246768,0.6827483750539517,0.7054841541762653,4,165.19896793365479
3,20,5,15,32,15,0.6973823231373707,0.008918944466530958,0.6826890205751839,0.7052836611681531,4,218.05055379867554
3,20,5,15,64,5,0.6973521467948036,0.0089326008006294,0.6826951686681375,0.7053269850666616,4,112.41657376289368
3,20,5,15,64,10,0.6974276062980478,0.008667137588362085,0.6831086020367958,0.7048459462633738,4,165.43388319015503
3,20,5,15,64,15,0.697083996218399,0.008785254956326366,0.6826047434276449,0.704672440427665,4,217.95824360847473
3,20,5,15,128,5,0.6969436313984709,0.008765948053639989,0.6823759900152322,0.7038848757427811,4,113.18761086463928
3,20,5,15,128,10,0.697620159362861,0.008914749610614833,0.6829588919939742,0.7056546183050871,4,166.45230841636658
3,20,5,15,128,15,0.6971550702291875,0.008838939134941153,0.6825780936378953,0.7048921250899027,4,220.27050614356995
3,20,5,20,32,5,0.6973584054765603,0.008956288400843908,0.6826773633066452,0.705578312518893,4,147.9221465587616
3,20,5,20,32,10,0.6975707560819653,0.008845977966840632,0.683025415474197,0.7055873669270559,4,224.8803505897522
3,20,5,20,32,15,0.6976264512040897,0.008916149634364151,0.6829958477567012,0.7057685136987237,4,289.89620447158813
3,20,5,20,64,5,0.6974119028166519,0.008911169385851686,0.6827713271525498,0.7054684415317122,4,149.23224782943726
3,20,5,20,64,10,0.6975349198519375,0.008903117570797653,0.6829182835536752,0.7055370207459354,4,219.6974847316742
3,20,5,20,64,15,0.6975181130449065,0.008889310207693865,0.6829233038871914,0.7056156309915411,4,289.73167538642883
3,20,5,20,128,5,0.6975883043545309,0.00892594067647489,0.6829430374955368,0.705731459409527,4,149.72237753868103
3,20,5,20,128,10,0.6975495666604382,0.008825661940701281,0.6830002185662742,0.7052457035932186,4,220.41084361076355
3,20,5,20,128,15,0.697551347748178,0.008849179081763412,0.6830630126385999,0.7054875776074989,4,290.93404030799866
3,20,5,30,32,5,0.6982753986635468,0.008935890620613578,0.6836390702620098,0.7064885272066179,4,221.85176467895508
3,20,5,30,32,10,0.6981160550642299,0.008947886644722973,0.6834631183320192,0.7062581258901832,4,327.6961627006531
3,20,5,30,32,15,0.6979779902332878,0.00906493924669428,0.6831190647013103,0.706164843595046,4,432.6167893409729
3,20,5,30,64,5,0.6979074089988171,0.008939945033162826,0.6832601193034004,0.7060186981329946,4,223.84755754470825
3,20,5,30,64,10,0.6976991942119042,0.008630563982814943,0.6834036235993297,0.7047850868480178,4,328.4608132839203
3,20,5,30,64,15,0.6979960555914486,0.008930945888963562,0.6833475810233245,0.7060911158335976,4,433.6057834625244
3,20,5,30,128,5,0.6982955475220426,0.008991569608115261,0.68360174208496,0.7066484396986782,4,222.87953281402588
3,20,5,30,128,10,0.6983858970100326,0.008994748517766509,0.6837066309725008,0.7067405043258815,4,328.49960827827454
3,20,5,30,128,15,0.6983404114901235,0.009024958145294922,0.6835699679554821,0.7066394919263896,4,435.68030524253845
3,20,7,10,32,5,0.6976526776306955,0.00877074937586094,0.6832116730038753,0.7054522613971719,4,99.10893702507019
3,20,7,10,32,10,0.6974800357611062,0.00886582332072632,0.6828782661595691,0.7052576231538719,4,145.41431140899658
3,20,7,10,32,15,0.697342460916244,0.008893749881034847,0.6826485336213488,0.704854864480301,4,191.79476690292358
3,20,7,10,64,5,0.6973806218767271,0.0087166733653183,0.6830216788965646,0.7048676288965201,4,99.21985673904419
3,20,7,10,64,10,0.697106719985182,0.009012645255883132,0.6821656785003507,0.704778231640698,4,149.66542625427246
3,20,7,10,64,15,0.6974932803575049,0.009100388699064118,0.6824611820698916,0.7055248488628643,4,191.6501715183258
3,20,7,10,128,5,0.697348184455229,0.008741766092686797,0.6828206288774248,0.704379073049979,4,99.0298171043396
3,20,7,10,128,10,0.6976704273513297,0.008850557006510665,0.6830208943061384,0.7051314350145315,4,147.75871658325195
3,20,7,10,128,15,0.697212436152793,0.008684171783762034,0.6828610073713163,0.7043504099719091,4,192.01667428016663
3,20,7,15,32,5,0.6975284042261696,0.008902834540620288,0.6828911213145064,0.7054627156503133,4,147.78801822662354
3,20,7,15,32,10,0.6972775712119206,0.008906197463810593,0.6826346119264722,0.7051682805527835,4,216.6194863319397
3,20,7,15,32,15,0.6972039219389087,0.008977487090858082,0.682417038538252,0.7050860985968251,4,287.3248245716095
3,20,7,15,64,5,0.6972997986448632,0.009112149876240833,0.6822929327395636,0.7054725981433185,4,147.13933849334717
3,20,7,15,64,10,0.6973865822885974,0.008851017679464232,0.6828437252975141,0.7053816127243095,4,216.12826991081238
3,20,7,15,64,15,0.6971375940391549,0.008916517663682564,0.6824445517340262,0.7049316741173547,4,285.1886615753174
3,20,7,15,128,5,0.6975446956952974,0.00869128433118275,0.6832258980416225,0.7051667344055246,4,147.24141335487366
3,20,7,15,128,10,0.6972734496302889,0.008595252286296387,0.6830460531127757,0.7044073032651492,4,217.1779625415802
3,20,7,15,128,15,0.697110971075555,0.008734981343699653,0.6826501801761294,0.7045674727624671,4,286.6723470687866
3,20,7,20,32,5,0.6974125198894058,0.008881672383568441,0.6828035846148564,0.705350537627349,4,194.93182015419006
3,20,7,20,32,10,0.6973573068399689,0.008938284603479427,0.6826703610884189,0.7054049825084189,4,289.438688993454
3,20,7,20,32,15,0.6974660938057686,0.008924308660863746,0.6828294277257319,0.7055969812343215,4,382.37854504585266
3,20,7,20,64,5,0.6974079092592373,0.00895835017241208,0.6827183083125908,0.7055495357725878,4,195.52828168869019
3,20,7,20,64,10,0.6974947974077677,0.008887796769043312,0.6829028382578963,0.7055180722753986,4,290.02422618865967
3,20,7,20,64,15,0.6972380973517578,0.008880633335877916,0.6826053155519156,0.7049008917707875,4,380.9326002597809
3,20,7,20,128,5,0.6975073490711772,0.008970457813339546,0.6827534307470056,0.7054882157861805,4,196.16364002227783
3,20,7,20,128,10,0.6975699562240821,0.008944209523812365,0.6829409756753594,0.705833216088856,4,288.4623785018921
3,20,7,20,128,15,0.6977272707959629,0.008920021274803236,0.6831130400127569,0.7059236386110967,4,380.8970777988434
3,20,7,30,32,5,0.6979251440963921,0.008955539545629837,0.6832265834528575,0.706039232400993,4,290.7924134731293
3,20,7,30,32,10,0.698042816632036,0.009007317538842546,0.6833076742774113,0.7063476271406931,4,429.4319040775299
3,20,7,30,32,15,0.6981460463186042,0.008974790872880807,0.6834636101217888,0.7063811992444123,4,568.4272263050079
3,20,7,30,64,5,0.6978709240447276,0.008975555787497555,0.6831734111522476,0.7060410273382859,4,290.19250297546387
3,20,7,30,64,10,0.697936559200687,0.008979151080703903,0.6832393723810669,0.7061414598110287,4,431.02457642555237
3,20,7,30,64,15,0.6979701953545887,0.008978363017710928,0.6832615029979264,0.7061904206007794,4,567.9515841007233
3,20,7,30,128,5,0.6980981566107001,0.008974271111612453,0.6833817557654922,0.7063047048483451,4,291.9906666278839
3,20,7,30,128,10,0.6981310461078776,0.008995172334082488,0.6833973352524543,0.7064334157743676,4,431.1003773212433
3,20,7,30,128,15,0.6979784368636741,0.009008402352950291,0.6832145674272474,0.7062702911297796,4,574.8445119857788
3,20,10,10,32,5,0.6974594421254489,0.008922653920145308,0.6827378641964598,0.7050656887238436,4,126.64872002601624
3,20,10,10,32,10,0.6975470394207579,0.008819617688630517,0.6830191357773433,0.7052401120558451,4,187.42957472801208
3,20,10,10,32,15,0.6974090755456246,0.008683472718572009,0.6830911061324003,0.7049334860522211,4,246.30584168434143
3,20,10,10,64,5,0.6972184268327489,0.008963900843916715,0.6824762673728819,0.7052664218692685,4,126.13465476036072
3,20,10,10,64,10,0.6974004059221487,0.008795217025843616,0.6828757616436436,0.704841811964121,4,187.2246150970459
3,20,10,10,64,15,0.6976634161713741,0.008743489144847886,0.683168389814711,0.7050831273593827,4,244.66948819160461
3,20,10,10,128,5,0.6972879484028014,0.008874221980292366,0.6826948292448943,0.7052079824125657,4,127.33105635643005
3,20,10,10,128,10,0.6975566423428969,0.008572769401394157,0.6833248129436382,0.7047255652178623,4,188.6441044807434
3,20,10,10,128,15,0.6976072889296349,0.008904468905205111,0.6829719711355567,0.7054133886106518,4,247.74244737625122
3,20,10,15,32,5,0.6973272970382545,0.00888383930324356,0.6827212411204339,0.7053621803657453,4,188.88501381874084
3,20,10,15,32,10,0.697555359272691,0.008946659288501255,0.6829279526173243,0.7057547923142488,4,279.189879655838
3,20,10,15,32,15,0.6971661732702762,0.008683868482556614,0.6827554882679163,0.7043445921026881,4,367.95142102241516
3,20,10,15,64,5,0.6970714934777998,0.008774869525273149,0.6825975651711816,0.7046487504766755,4,189.31662464141846
3,20,10,15,64,10,0.6973831278409512,0.008878492395909737,0.6828334366117079,0.7054748375614902,4,279.6825087070465
3,20,10,15,64,15,0.6972091124788402,0.008862613413352633,0.6826160935560568,0.705090247787184,4,369.5898540019989
3,20,10,15,128,5,0.6972469464140526,0.008768181309989517,0.6827763680813556,0.7048527831606286,4,189.1567006111145
3,20,10,15,128,10,0.6972437031271939,0.008850204006772371,0.6827302344655062,0.7052552455514219,4,280.2366955280304
3,20,10,15,128,15,0.6973173466773791,0.008840173091507515,0.6828010764432668,0.705379462393516,4,369.83575344085693
3,20,10,20,32,5,0.6972856063693882,0.008934183228663257,0.6826433224338592,0.7053411645268335,4,251.2756748199463
3,20,10,20,32,10,0.6976083509084873,0.008897602432538277,0.6830102130354978,0.7056607858803462,4,370.0219759941101
3,20,10,20,32,15,0.6975350473366151,0.008943987166537376,0.6828726351371028,0.7057594324087928,4,490.5444755554199
3,20,10,20,64,5,0.6973992720699969,0.008868049861447631,0.6828398342294661,0.7053971882702256,4,251.23015570640564
3,20,10,20,64,10,0.6975935972322472,0.008937111459171317,0.6829431606682401,0.7057688106458487,4,370.76889395713806
3,20,10,20,64,15,0.6972484229904501,0.008865605290263357,0.6826569808179594,0.705064011003374,4,492.30686354637146
3,20,10,20,128,5,0.6973836353723183,0.008914057182101073,0.6827729608352744,0.7055998549747186,4,255.62130117416382
3,20,10,20,128,10,0.6976227397808227,0.008951485996871783,0.6829491380262438,0.7058611536184473,4,380.00476264953613
3,20,10,20,128,15,0.6975394057191484,0.009003106173262013,0.6827929882482966,0.705860315746632,4,551.4831762313843
3,20,10,30,32,5,0.6979299818791167,0.00896108921927642,0.6832477173220649,0.7061056439951845,4,384.8404483795166
3,20,10,30,32,10,0.6977667975515889,0.008932630180768158,0.6831087398064106,0.7058266736433723,4,557.5394608974457
3,20,10,30,32,15,0.6976424995799695,0.008889253922627072,0.6830514442516075,0.7056407145167168,4,734.9225127696991
3,20,10,30,64,5,0.697879881878492,0.00896712709689269,0.683187036223467,0.7060378287157619,4,376.5342366695404
3,20,10,30,64,10,0.6976925097985565,0.008943774639995914,0.6830023529076149,0.7057800260467719,4,558.2700886726379
3,20,10,30,64,15,0.6976318834416378,0.008789097607670219,0.6831193691125614,0.7052231791183757,4,738.3918251991272
3,20,10,30,128,5,0.6979616797082837,0.00897203118681118,0.6832750942156387,0.7063165142569436,4,377.81007266044617
3,20,10,30,128,10,0.6977823996347688,0.009006588793171543,0.6830284074548812,0.7061213130196536,4,558.6230511665344
3,20,10,30,128,15,0.697826276378489,0.008972021637822203,0.6831052953085996,0.7060453990364436,4,740.2881062030792
3,30,3,10,32,5,0.6974314395465728,0.008795416124518883,0.6828925999404449,0.7049530754398472,4,75.22121548652649
3,30,3,10,32,10,0.6972725325893463,0.008978149820994067,0.6825254569049172,0.705416012394356,4,109.84930181503296
3,30,3,10,32,15,0.6971936877402929,0.008806594521725901,0.6826931356813655,0.7048353529995708,4,144.35852980613708
3,30,3,10,64,5,0.6972221288972509,0.008802484674140128,0.682662732657543,0.7047113324964658,4,75.49748182296753
3,30,3,10,64,10,0.6971025696093534,0.008873208114437954,0.6823858372023917,0.7044398064337549,4,110.13394808769226
3,30,3,10,64,15,0.6972043127266584,0.008677583024718433,0.6828435056487516,0.7044913172322312,4,144.58224940299988
3,30,3,10,128,5,0.6975305381623012,0.008649877341660946,0.6832109857390642,0.7048368625429036,4,75.31283640861511
3,30,3,10,128,10,0.696846156135075,0.008711412723260772,0.6822792074980046,0.7037687205085328,4,110.0199282169342
3,30,3,10,128,15,0.6973169124001677,0.008860362402335672,0.6826491043039492,0.7047864889615,4,145.44055938720703
3,30,3,15,32,5,0.6975201631906105,0.008894424927841428,0.6828849022192918,0.7056219196724867,4,111.2486412525177
3,30,3,15,32,10,0.697180764912162,0.008948566919484363,0.6824024206324852,0.7048644339684164,4,163.54955768585205
3,30,3,15,32,15,0.697590316907897,0.008983155745601358,0.6828471099660092,0.7057307840597928,4,215.79474878311157
3,30,3,15,64,5,0.6973158892914127,0.008919813560494566,0.6826607789755077,0.7052166822050006,4,111.8375015258789
3,30,3,15,64,10,0.6973925578465305,0.008902251281999346,0.6827973008890491,0.7054539084118244,4,162.58654880523682
3,30,3,15,64,15,0.6974573948342885,0.008636846148313133,0.6831233236141011,0.7046282758703225,4,214.12117457389832
3,30,3,15,128,5,0.6974520908354263,0.008645275467074942,0.68310176924057,0.7046008933949583,4,112.02260088920593
3,30,3,15,128,10,0.6974168802239695,0.00884652196622386,0.6828326811507444,0.7051047738098961,4,166.41932153701782
3,30,3,15,128,15,0.6976001952373984,0.00871414649335525,0.683197245926338,0.7051048869434128,4,216.89515709877014
3,30,3,20,32,5,0.697640285991552,0.008913209263372038,0.6830384146030799,0.7057370692731688,4,148.80130791664124
3,30,3,20,32,10,0.6980489373540176,0.008975751488022881,0.6833719473489653,0.7062807103021327,4,217.35173344612122
3,30,3,20,32,15,0.6982394375372397,0.008932954921618221,0.6836336124845442,0.7063617634182782,4,285.6005644798279
3,30,3,20,64,5,0.6977447245212463,0.008917673618080461,0.6831225648064031,0.7058009425900391,4,147.40684986114502
3,30,3,20,64,10,0.6976882974613817,0.00866243054358185,0.6833898836964992,0.7049900569586883,4,216.90124535560608
3,30,3,20,64,15,0.6980853382480244,0.008962277104184537,0.683417797161725,0.7062374823289206,4,286.88278698921204
3,30,3,20,128,5,0.697871705542187,0.008750150921954376,0.6834363277734659,0.7052850694714097,4,148.20308923721313
3,30,3,20,128,10,0.6984097064019639,0.00889026346206948,0.6838262414630911,0.7063845440071808,4,218.19663095474243
3,30,3,20,128,15,0.6981372385958933,0.008982415374838579,0.6834129464819062,0.7062234501108378,4,288.0431160926819
3,30,3,30,32,5,0.6993798609824642,0.009046557108970404,0.6845882475452438,0.707561582344037,4,220.25548195838928
3,30,3,30,32,10,0.6994854598195821,0.00905103088337612,0.6847049986244541,0.7076719896702902,4,321.5667905807495
3,30,3,30,32,15,0.6992083643969521,0.00903289876090993,0.6844580050968593,0.7073990762879814,4,427.08971643447876
3,30,3,30,64,5,0.6993544503723655,0.009085089961799707,0.6845280434721672,0.7076554610611853,4,220.43614554405212
3,30,3,30,64,10,0.6993992580382968,0.008846379862193785,0.6848189525672909,0.7068118789037017,4,327.7029838562012
3,30,3,30,64,15,0.6995141349916533,0.009069842127746803,0.6846895249715359,0.7077383341167742,4,425.55656027793884
3,30,3,30,128,5,0.6996745650126122,0.00904170093506766,0.6849005309595799,0.7078653299406281,4,220.37810349464417
3,30,3,30,128,10,0.6998867199367245,0.00906385905082568,0.6850759437821232,0.7081499041121404,4,326.02592611312866
3,30,3,30,128,15,0.6995636567143033,0.00903647307225846,0.6847981477207055,0.7078163334057417,4,431.67771339416504
3,30,5,10,32,5,0.6973977892188984,0.008824511878156388,0.6828762645033813,0.7053511499612929,4,118.2796585559845
3,30,5,10,32,10,0.6972945858332837,0.00886561396399351,0.6826334845403242,0.7049117732479766,4,174.58478116989136
3,30,5,10,32,15,0.6970750469914129,0.00887020467267525,0.6824095415053232,0.7044972243994774,4,230.88177371025085
3,30,5,10,64,5,0.6970755782735435,0.008778314611353864,0.6825038913970578,0.7041909599143135,4,119.12744140625
3,30,5,10,64,10,0.6976074320255317,0.008897068089786268,0.6829631539831863,0.7055174543188067,4,175.20217323303223
3,30,5,10,64,15,0.6972884214001492,0.008858162514423592,0.6826512756524508,0.7050081515644591,4,231.71068596839905
3,30,5,10,128,5,0.697209434790746,0.008856880662407885,0.6825913149770801,0.7048494714531988,4,120.16181874275208
3,30,5,10,128,10,0.6973983469316537,0.008765892698467429,0.6830072732381284,0.7052494514204711,4,175.67865014076233
3,30,5,10,128,15,0.6975057638075253,0.008869469311999955,0.6829151402362291,0.7053306526699035,4,230.40626120567322
3,30,5,15,32,5,0.6975051954810612,0.008876918681754224,0.6829217400353704,0.7055345911461416,4,176.57372331619263
3,30,5,15,32,10,0.6977023128155404,0.008967958688007248,0.6830278860851272,0.7059234481864207,4,261.14911913871765
3,30,5,15,32,15,0.6975727137796375,0.008883030468420672,0.6829627804747388,0.7054787991952097,4,346.6026859283447
3,30,5,15,64,5,0.6975322842694844,0.008881382118839543,0.6829418336751205,0.7055473752821388,4,177.11410927772522
3,30,5,15,64,10,0.6975427095886391,0.008948914562806023,0.6828744693020987,0.7056865252947355,4,260.1574294567108
3,30,5,15,64,15,0.6971657145330267,0.008660944208473331,0.682836177780382,0.7044670652432642,4,344.87467193603516
3,30,5,15,128,5,0.6975800839714932,0.008577214424298815,0.6833670990376048,0.7047218947303799,4,177.9922251701355
3,30,5,15,128,10,0.6977028506796159,0.00870060179085655,0.6833452926420904,0.7052284705489225,4,263.6232662200928
3,30,5,15,128,15,0.6975762960141777,0.008766334320469504,0.6831244317951417,0.7051706155397724,4,347.0446331501007
3,30,5,20,32,5,0.6982013044285096,0.008937232187569184,0.6835720311658416,0.706350002442232,4,234.47326588630676
3,30,5,20,32,10,0.6982942185479915,0.008961681520928327,0.6836395728256901,0.7064647618926974,4,347.82690167427063
3,30,5,20,32,15,0.6980632059965313,0.008936386050958556,0.6834359919930144,0.7062077094988755,4,458.0067386627197
3,30,5,20,64,5,0.6979277472802242,0.008983317059999406,0.6831674296108257,0.7058286990444301,4,236.09501028060913
3,30,5,20,64,10,0.6979098152863892,0.008750064472254342,0.6834856183125243,0.7054338548559486,4,347.4476628303528
3,30,5,20,64,15,0.6980574779822634,0.008915013904159757,0.6834572421226311,0.7061851566191265,4,9242.529580116272
3,30,5,20,128,5,0.6983883507493055,0.008916313323445647,0.683790421800894,0.7065805290772889,4,252.42243361473083
3,30,5,20,128,10,0.6982021635634871,0.0088935584990975,0.6836171081017464,0.7062231313050598,4,349.77003026008606
3,30,5,20,128,15,0.6983790564610526,0.009038001054152733,0.683568835472,0.7065981308344426,4,455.99388098716736
3,30,5,30,32,5,0.6993408061663944,0.009026124672776671,0.6845662527800626,0.7074957053227257,4,350.11051630973816
3,30,5,30,32,10,0.6989879658609215,0.009069816634117909,0.6841626281754768,0.7072305501094027,4,521.0323967933655
3,30,5,30,32,15,0.6990968342105086,0.009028203739990715,0.6843176362792938,0.7072814414929629,4,685.8589763641357
3,30,5,30,64,5,0.6990338666585989,0.009034489725208978,0.6842362620635563,0.7072072943338041,4,350.20931005477905
3,30,5,30,64,10,0.698917488865449,0.008983829200390682,0.6841911484937804,0.7069507904965671,4,519.2717337608337
3,30,5,30,64,15,0.6989297370834542,0.009041578268920172,0.6841254174945538,0.7071383237378905,4,685.5498895645142
3,30,5,30,128,5,0.6994779730386109,0.009021570190630898,0.684727272661761,0.7077068626798225,4,351.50445795059204
3,30,5,30,128,10,0.6992192116146765,0.00901813951197696,0.6844514459476707,0.7074190791265975,4,520.844562292099
3,30,5,30,128,15,0.6989991359987099,0.008981721272883686,0.6842971664794527,0.7072320881872702,4,689.8881003856659
3,30,7,10,32,5,0.6975358033250443,0.008921715878597912,0.6828602249433957,0.7055866965518263,4,158.57910680770874
3,30,7,10,32,10,0.6970835698283977,0.008738629747304796,0.6826256953117253,0.704488899525878,4,235.71277475357056
3,30,7,10,32,15,0.6974139272064819,0.008804987961220416,0.6829731386567752,0.7053580065945292,4,309.37291431427
3,30,7,10,64,5,0.6971053644892138,0.008822750811794492,0.6825256781111986,0.704638139081047,4,158.7354600429535
3,30,7,10,64,10,0.6970892488742866,0.00888739284420923,0.6823745895226733,0.7047059778556857,4,234.2942361831665
3,30,7,10,64,15,0.6969642967892741,0.008814886521947536,0.6823263231744903,0.7042039641275698,4,310.29397320747375
3,30,7,10,128,5,0.6974849190290281,0.008649660009548544,0.6831797195666582,0.7049399666485737,4,159.65599751472473
3,30,7,10,128,10,0.6972295616251815,0.00865938835350917,0.6828977307290733,0.7046356721481649,4,234.7637505531311
3,30,7,10,128,15,0.6972253040251484,0.008756831456076196,0.6827928253009404,0.7048624767196888,4,307.5973970890045
3,30,7,15,32,5,0.6977668591983531,0.008921773955009364,0.6831196676155388,0.7058463689701179,4,236.60786724090576
3,30,7,15,32,10,0.6977571071572691,0.008975166889790822,0.6830631179191454,0.7059764384057422,4,349.1257600784302
3,30,7,15,32,15,0.6977679727994839,0.00895201007457027,0.6831004456070571,0.70596929950584,4,460.71920371055603
3,30,7,15,64,5,0.6975919947894471,0.008876606537421733,0.6829977205507369,0.7055195237612422,4,237.07525992393494
3,30,7,15,64,10,0.6976548149601398,0.008931329866646787,0.6830097603381622,0.7057759458513306,4,350.456006526947
3,30,7,15,64,15,0.6972424449895077,0.008918295426008924,0.6825464860213333,0.7049666195731707,4,462.0459930896759
3,30,7,15,128,5,0.6978696930204867,0.008939029910704584,0.6832182952776262,0.7060906262905146,4,238.42440485954285
3,30,7,15,128,10,0.6977750881393538,0.008944533494115314,0.6831146007624125,0.7060060195634343,4,351.3816134929657
3,30,7,15,128,15,0.6977156368722796,0.008985290496660024,0.6829953859073338,0.7060179786932723,4,464.2951545715332
3,30,7,20,32,5,0.698077443481989,0.008960979996133218,0.6834275381158068,0.7063158417914499,4,314.27882146835327
3,30,7,20,32,10,0.6981398116772588,0.008947729189917295,0.6834806641413756,0.7063097128131597,4,465.1268165111542
3,30,7,20,32,15,0.6980583855436989,0.008969732222555716,0.6833820991533287,0.7063227630446326,4,617.7738020420074
3,30,7,20,64,5,0.6979444473365088,0.008970333129931575,0.683233399142121,0.7060603559290127,4,313.1369080543518
3,30,7,20,64,10,0.6980378462196848,0.00896271019893285,0.6833382617577957,0.7061248121702977,4,468.9137964248657
3,30,7,20,64,15,0.6978917993727435,0.008963527110501026,0.6831722191097624,0.7060250623713148,4,615.4186136722565
3,30,7,20,128,5,0.6982776301848093,0.00895020965521087,0.6836397050345766,0.7065752813802513,4,314.8500554561615
3,30,7,20,128,10,0.6981356145632115,0.00902798442006419,0.6833540114776976,0.7064549110615213,4,468.5620813369751
3,30,7,20,128,15,0.6979284241562518,0.0089863536808226,0.6832022526927073,0.7062126549178045,4,615.7868549823761
3,30,7,30,32,5,0.69881276572174,0.009013769328337702,0.6840425450873524,0.7069806130230453,4,470.3664610385895
3,30,7,30,32,10,0.6985513254686733,0.008986491623245161,0.68382982857041,0.7066471252952684,4,696.0621817111969
3,30,7,30,32,15,0.6984775522703581,0.00901999037141847,0.6837141878218737,0.706676937629684,4,922.5002582073212
3,30,7,30,64,5,0.6987733615499192,0.008976580099463007,0.6840520988173805,0.7068881095538148,4,470.62277603149414
3,30,7,30,64,10,0.698323749199049,0.008983465748082014,0.6835853348218242,0.7065048865853523,4,695.996297121048
3,30,7,30,64,15,0.6984337435301777,0.009017692316136524,0.6836516352808059,0.7065848209727296,4,922.7074384689331
3,30,7,30,128,5,0.6986887595783557,0.00906170207073016,0.6838466417924463,0.7070358862644188,4,478.2662115097046
3,30,7,30,128,10,0.6985271840370693,0.008998008154912153,0.6837939834472861,0.7067836468413213,4,699.1120994091034
3,30,7,30,128,15,0.6983552944142987,0.009012073249931666,0.683574437854142,0.7065492286855108,4,928.9286818504333
3,30,10,10,32,5,0.6973925233379724,0.008894726156621374,0.6827636187089741,0.7054028178698489,4,212.0137858390808
3,30,10,10,32,10,0.6973457241996984,0.00890902381966179,0.6826928226200928,0.7053506989665678,4,312.34671425819397
3,30,10,10,32,15,0.6975435460423707,0.008795128468783045,0.6830539295881697,0.7054241350470606,4,410.47892665863037
3,30,10,10,64,5,0.6972167081834528,0.00889538411845418,0.6825821318464149,0.7052836003560523,4,211.8233346939087
3,30,10,10,64,10,0.6970999206488883,0.008787196588172317,0.6825417324483045,0.7045204299439239,4,313.79988718032837
3,30,10,10,64,15,0.6974182158706848,0.008896322914643222,0.6827628011274686,0.7052766047769687,4,415.1675260066986
3,30,10,10,128,5,0.6970791109729795,0.008709860512430131,0.6826724714362473,0.7045207460923117,4,213.31729984283447
3,30,10,10,128,10,0.6975010058041685,0.00884565707759058,0.6829878404111143,0.7055799546400592,4,315.4484295845032
3,30,10,10,128,15,0.6971641030512259,0.008858152448882798,0.6825768836260202,0.7050680204052986,4,416.17172169685364
3,30,10,15,32,5,0.6973660812694286,0.008941113221239525,0.6826845179815019,0.7054460007970603,4,316.5733985900879
3,30,10,15,32,10,0.6976452004238305,0.008930145179454724,0.683025003130757,0.7058503503722262,4,471.19474697113037
3,30,10,15,32,15,0.6975504589864306,0.008891031060291458,0.6829794709617217,0.7056695641792102,4,620.4682800769806
3,30,10,15,64,5,0.6973998007917672,0.008939526395693688,0.6827280799021657,0.7055776794605482,4,317.55083203315735
3,30,10,15,64,10,0.6974860680258375,0.008919200861624949,0.682860127476188,0.7056504397214027,4,468.61046862602234
3,30,10,15,64,15,0.6974605054337918,0.008913828799329929,0.6827974767856936,0.7054798091330253,4,627.0697786808014
3,30,10,15,128,5,0.6975467035500331,0.008984134193031115,0.6828219943451197,0.7058885078995522,4,317.7608540058136
3,30,10,15,128,10,0.6975055320673994,0.008962244128303274,0.6828063271737126,0.7057235464637793,4,470.74065041542053
3,30,10,15,128,15,0.6975471620085393,0.008967367247273858,0.6828473484079736,0.7058549915848186,4,623.0338830947876
3,30,10,20,32,5,0.6978187119553542,0.008911180588155364,0.6831874573199053,0.7058563405505014,4,423.3469045162201
3,30,10,20,32,10,0.6978647864919499,0.008950529223507395,0.6831938721733466,0.705989716686644,4,625.3582870960236
3,30,10,20,32,15,0.697733767516651,0.008968319356504762,0.683035857298853,0.7058934977325414,4,824.959148645401
3,30,10,20,64,5,0.6979001974167687,0.008995488111356502,0.6831339914463154,0.706051490811274,4,421.85674381256104
3,30,10,20,64,10,0.6979398525003832,0.008978549297060405,0.6832433570547056,0.7062119343114232,4,624.7888913154602
3,30,10,20,64,15,0.6977535605758731,0.008966212520630757,0.6830624980524193,0.7059387123640102,4,832.2694034576416
3,30,10,20,128,5,0.6980039315177404,0.008971763409915484,0.6832801503592145,0.7062618480023268,4,422.78857254981995
3,30,10,20,128,10,0.6978088576022711,0.008960797342501058,0.6831310666577631,0.7061264776408476,4,625.6707918643951
3,30,10,20,128,15,0.697761535288673,0.008951601418539032,0.6830583810025571,0.7059035340138892,4,830.5046021938324
3,30,10,30,32,5,0.6980795723760916,0.008948246584522928,0.6833950638365899,0.7061167211470153,4,630.8787474632263
3,30,10,30,32,10,0.6980523270261652,0.00889828122311569,0.6834893544396349,0.70608962644754,4,934.2701823711395
3,30,10,30,32,15,0.6979365886029187,0.008947578888080907,0.6832989679405705,0.7060953071695131,4,1240.3500175476074
3,30,10,30,64,5,0.6988509281625628,0.00899069395258065,0.6840854508678365,0.7070161457782473,4,631.48837018013
3,30,10,30,64,10,0.6988062445649709,0.008920121179696861,0.6842706958429778,0.7069390907377118,4,960.4553146362305
3,30,10,30,64,15,0.6981958537870647,0.009106557213847406,0.6832888576099714,0.7063060589505683,4,1402.9495615959167
3,30,10,30,128,5,0.6985748274237947,0.008934042601225404,0.6839121262274412,0.706556158688636,4,739.6334688663483
3,30,10,30,128,10,0.6986352707529341,0.00895687228811694,0.6839900272535551,0.7067987227817203,4,1183.4071679115295
3,30,10,30,128,15,0.6976144125146306,0.008940129693446345,0.682971835464087,0.7057499519108342,4,1317.501134634018
3,40,3,10,32,5,0.6976785964621375,0.008936172065353106,0.6829831442860712,0.7057175913986995,4,106.4583990573883
3,40,3,10,32,10,0.697421309121669,0.008943764413370215,0.6827109813195211,0.7054767704238037,4,155.03058242797852
3,40,3,10,32,15,0.6974852136571408,0.008933222105835938,0.6827918708766083,0.7054967277141077,4,207.38257098197937
3,40,3,10,64,5,0.6973009500454169,0.008751735842139523,0.6828679638165115,0.7049433584827924,4,106.43427324295044
3,40,3,10,64,10,0.6973215683983265,0.008832024607193461,0.6827639642206998,0.70499205926962,4,157.07405400276184
3,40,3,10,64,15,0.6972145026664192,0.00891032307355095,0.6824763536800169,0.7047519495678334,4,204.02398443222046
3,40,3,10,128,5,0.697449417012797,0.008633578762152297,0.6831468307686237,0.7047805242390761,4,106.13014078140259
3,40,3,10,128,10,0.6971685404889536,0.008720053700663194,0.6826923407289345,0.7044089309327066,4,155.34651589393616
3,40,3,10,128,15,0.6971377619424537,0.008684117418482672,0.6826604231017769,0.7039476862494977,4,205.75290870666504
3,40,3,15,32,5,0.6978422796286473,0.008922823392862846,0.6832137412085925,0.7059324766688277,4,161.97722101211548
3,40,3,15,32,10,0.698039430132557,0.009013784790838416,0.6833122013537438,0.7063582020944311,4,270.6137478351593
3,40,3,15,32,15,0.6981512442666511,0.008950690758312667,0.6835080686455095,0.7063276171076797,4,334.1817464828491
3,40,3,15,64,5,0.697482150857846,0.008923307070596428,0.6827470272853338,0.7051081274198286,4,197.65575098991394
3,40,3,15,64,10,0.6976770037841282,0.008907231339114266,0.6830006934164181,0.7053535235614541,4,303.48596930503845
3,40,3,15,64,15,0.6980647018553787,0.00892149090265682,0.6834421498172425,0.7061407387833538,4,380.2486660480499
3,40,3,15,128,5,0.6981013628859873,0.008931822111556891,0.6834715392438916,0.7062717382892625,4,224.43843746185303
3,40,3,15,128,10,0.6983361746402653,0.00897506390557772,0.6836751690161238,0.7066607763723346,4,309.22159814834595
3,40,3,15,128,15,0.698246494081006,0.008842818566853495,0.6837482588152705,0.7061115976019406,4,402.49863839149475
3,40,3,20,32,5,0.6988268224431329,0.008959035172213033,0.6841781988193365,0.7069854905651048,4,288.436243057251
3,40,3,20,32,10,0.6992225506984278,0.009064766117754182,0.6844604847697169,0.7075954911423056,4,411.39715909957886
3,40,3,20,32,15,0.6988863145384097,0.009038875312250234,0.684125234659871,0.7071498792523222,4,527.4458043575287
3,40,3,20,64,5,0.6987732799443511,0.008925978304467914,0.6841366030923464,0.7067253926241434,4,287.97018694877625
3,40,3,20,64,10,0.6989945874963504,0.008855706405175402,0.6844397811361074,0.7066823373650756,4,424.60956835746765
3,40,3,20,64,15,0.6985512517545959,0.00869933705899256,0.6841780825074388,0.7057656723655213,4,525.255045413971
3,40,3,20,128,5,0.699308315278391,0.009024603983618481,0.6845783470935168,0.7075819813282013,4,467.35596799850464
3,40,3,20,128,10,0.6993066997381496,0.00901318603039611,0.68456458780537,0.7075290386664379,4,441.51250290870667
3,40,3,20,128,15,0.6991045630287267,0.009015821774678391,0.6843359471521674,0.7072379470839998,4,553.9242444038391
3,40,3,30,32,5,0.7012273872551087,0.00916143990126979,0.6862861824628961,0.7094270482734208,4,385.302592754364
3,40,3,30,32,10,0.7006127493971763,0.009139795502788307,0.6856877487010316,0.7087503770713214,4,441.4025950431824
3,40,3,30,32,15,0.7003253385590795,0.009121921953495173,0.6854378080389953,0.7085963703043869,4,579.6017727851868
3,40,3,30,64,5,0.7012378614177337,0.009186388885834292,0.6862547620188995,0.7094084717078504,4,297.3297712802887
3,40,3,30,64,10,0.7005387073573699,0.009070554460462293,0.6856879260393463,0.7085065597920179,4,439.486328125
3,40,3,30,64,15,0.7005439840069998,0.009133113774323158,0.6856289774808626,0.7086808764881456,4,579.9655265808105
3,40,3,30,128,5,0.7015164703483814,0.009191240845775921,0.6865464969207724,0.7098280383891553,4,298.7363004684448
3,40,3,30,128,10,0.7006767630107829,0.009133016777267952,0.6857657896206494,0.7088564896503006,4,627.5111503601074
3,40,3,30,128,15,0.7004411448000814,0.009092987976861514,0.6855813181530941,0.7086034538852077,4,1134.2645752429962
3,40,5,10,32,5,0.6973582530825949,0.008908005217216028,0.682710709114154,0.7052924077565771,4,308.16033244132996
3,40,5,10,32,10,0.6975523626456904,0.00886043617629784,0.682975483778032,0.7054545633450257,4,458.8389925956726
3,40,5,10,32,15,0.6973581733195114,0.008882229943338083,0.6828099088618957,0.7053589151950469,4,608.9542825222015
3,40,5,10,64,5,0.6969856886503546,0.008636982127781143,0.6826867689565415,0.7042473716366405,4,313.54986548423767
3,40,5,10,64,10,0.6973573036689369,0.008901002559232329,0.6826680095053902,0.7050472987426968,4,461.9183506965637
3,40,5,10,64,15,0.6973482267421698,0.008789585444755279,0.6827939229526393,0.7048305876674228,4,613.3849248886108
3,40,5,10,128,5,0.6974374578609628,0.008821664166541307,0.6828981186542233,0.7051501892687504,4,312.77783203125
3,40,5,10,128,10,0.6972839278645779,0.008531044663464356,0.6831298293700014,0.7041339606333431,4,461.93374395370483
3,40,5,10,128,15,0.6976406802655263,0.008875923091075481,0.6830577448398082,0.7055921958745272,4,616.1792879104614
3,40,5,15,32,5,0.6981182208490733,0.008919171899631631,0.6835104580595106,0.7062610613014718,4,462.4590792655945
3,40,5,15,32,10,0.6983336035694073,0.008979301811443588,0.6836575081048432,0.7066279331226276,4,682.7278270721436
3,40,5,15,32,15,0.6983038085554634,0.008998295001942658,0.6836042277433235,0.706640310240463,4,905.5442063808441
3,40,5,15,64,5,0.6980663510286171,0.008939854335355686,0.68342614828131,0.706199752852026,4,464.96402883529663
3,40,5,15,64,10,0.6981873276839551,0.008960842175406379,0.6835039345787892,0.7062952683755602,4,686.2969508171082
3,40,5,15,64,15,0.6981429855590178,0.00893492448377375,0.6835088460275842,0.7062515184358669,4,909.4371910095215
3,40,5,15,128,5,0.6983297074925506,0.008966301531751403,0.683661689952635,0.706606542024605,4,467.5337874889374
3,40,5,15,128,10,0.6983767901982241,0.008988461377905675,0.6836693726649707,0.7065994192472822,4,690.469012260437
3,40,5,15,128,15,0.6981667132371916,0.008975618158268542,0.6834744729913947,0.7063673991428614,4,786.5880637168884
3,40,5,20,32,5,0.6989403653345868,0.009042941670434334,0.6841648579244961,0.7071616516843116,4,366.27688336372375
3,40,5,20,32,10,0.6988693878272008,0.009018180607451833,0.6841369038608057,0.7071310577207671,4,580.3059601783752
3,40,5,20,32,15,0.6986816451816373,0.008985046186328194,0.6839741628951229,0.7068614151804156,4,869.8510513305664
3,40,5,20,64,5,0.6988603515780999,0.009007879037763377,0.6841199446953989,0.7071023802539028,4,423.26307487487793
3,40,5,20,64,10,0.6987146533646371,0.008989320090629947,0.6839979866249895,0.706808530090034,4,638.3326938152313
3,40,5,20,64,15,0.6986628211104051,0.009029965302156738,0.6838848116732343,0.7068852991694834,4,741.5017766952515
3,40,5,20,128,5,0.6992016922386014,0.009045925756686609,0.6843982859270021,0.7075131353217475,4,438.2356216907501
3,40,5,20,128,10,0.698867026156676,0.00905655306184645,0.6840471082054416,0.7072010527081053,4,733.4919261932373
3,40,5,20,128,15,0.6988227221813992,0.009019497546377576,0.6840654955511996,0.707145855996322,4,915.5142657756805
3,40,5,30,32,5,0.7001840693976724,0.009057499760654605,0.6853716642071905,0.7082724054307723,4,653.3560116291046
3,40,5,30,32,10,0.6994837566712876,0.009046636925565428,0.6846869088162693,0.7075902356999485,4,838.2364044189453
